Name,OperatingSystem,LastLogondate
DT-PLUMST-01846,Windows 7 Professional,09/03/2015 00:00
LT-PLUMST-06893,Windows 7 Professional,12/03/2015 08:34
DT-PLUMST-04031,Windows 7 Professional,16/03/2015 13:43
DT-PLUMST-30992,Windows 7 Professional,16/03/2015 07:56
DT-PLUMST-30987,Windows 7 Professional,16/03/2015 07:55
DT-PLUMST-06920,Windows 7 Professional,16/03/2015 13:33
DT-PLUMST-30988,Windows 7 Professional,16/03/2015 07:55
DT-PLUMST-30986,Windows 7 Professional,16/03/2015 07:55
DT-PLUMST-30980,Windows 7 Professional,16/03/2015 07:59
DT-PLUMST-30981,Windows 7 Professional,16/03/2015 07:55
DT-PLUMST-30982,Windows 7 Professional,16/03/2015 07:55
DT-PLUMST-30984,Windows 7 Professional,16/03/2015 07:55
DT-PLUMST-30983,Windows 7 Professional,16/03/2015 07:56
DT-PLUMST-30985,Windows 7 Professional,16/03/2015 07:56
DT-PLUMST-30693,Windows 7 Professional,16/03/2015 08:02
DT-PLUMST-30694,Windows 7 Professional,16/03/2015 08:01
DT-PLUMST-01831,Windows 7 Professional,16/03/2015 00:02
DT-PLUMST-06918,Windows 7 Professional,09/03/2015 07:51
LT-PLUMST-06908,Windows 7 Professional,09/03/2015 08:00
im-plumst-02141,Mac OS X,08/03/2015 13:31
im-plumst-02140,Mac OS X,09/03/2015 14:50
im-plumst-02152,Mac OS X,16/03/2015 11:02
im-plumst-02143,Mac OS X,15/03/2015 00:58
im-plumst-02144,Mac OS X,10/03/2015 09:00
im-plumst-02145,Mac OS X,09/03/2015 09:55
im-plumst-02146,Mac OS X,08/03/2015 14:29
im-plumst-02149,Mac OS X,15/03/2015 13:58
im-plumst-02147,Mac OS X,16/03/2015 11:02
im-plumst-02150,Mac OS X,09/03/2015 00:00
im-plumst-02151,Mac OS X,16/03/2015 11:06
im-plumst-02154,Mac OS X,16/03/2015 12:02
im-plumst-02148,Mac OS X,10/03/2015 14:48
im-plumst-02153,Mac OS X,11/03/2015 11:04
im-plumst-02142,Mac OS X,16/03/2015 03:54
DT-PLUMST-06904,Windows 7 Professional,12/03/2015 08:00
DT-PLUMST-02438,Windows 7 Enterprise,12/03/2015 09:38
DT-PLUMST-30692,Windows 7 Professional,12/03/2015 08:01
DT-PLUMST-06910,Windows 7 Professional,09/03/2015 08:00
DT-PLUMST-01955,Windows 7 Professional,09/03/2015 00:01
DT-PLUMST-06898,Windows 7 Professional,09/03/2015 08:00
DT-PLUMST-01916,Windows 7 Professional,12/03/2015 07:01
DT-PLUMST-06901,Windows 7 Professional,12/03/2015 12:34
DT-PLUMST-06909,Windows 7 Professional,12/03/2015 08:01
DT-PLUMST-06903,Windows 7 Professional,16/03/2015 08:00
DT-PLUMST-30997,Windows 7 Professional,11/03/2015 10:38
DT-PLUMST-06907,Windows 7 Professional,09/03/2015 08:01
DT-PLUMST-03905,Windows 7 Professional,16/03/2015 08:16
DT-PLUMST-04018,Windows 7 Professional,16/03/2015 08:37
DT-PLUMST-06911,Windows 7 Professional,09/03/2015 08:01
DT-PLUMST-01994,Windows 7 Enterprise,15/03/2015 17:01
DT-PLUMST-01851,Windows 7 Professional,09/03/2015 00:00
DT-PLUMST-06872,Windows 7 Professional,16/03/2015 08:00
DT-PLUMST-03935,Windows 7 Professional,09/03/2015 07:50
DT-PLUMST-03985,Windows 7 Professional,13/03/2015 09:45
DT-PLUMST-03987,Windows 7 Professional,16/03/2015 09:51
DT-PLUMST-01826,Windows 7 Professional,12/03/2015 03:26
DT-PLUMST-03971,Windows 7 Professional,16/03/2015 07:48
DT-PLUMST-02434,Windows 7 Professional,09/03/2015 08:01
DT-PLUMST-06689,Windows 7 Professional,12/03/2015 08:34
DT-PLUMST-06688,Windows 7 Professional,09/03/2015 08:00
DT-PLUMST-03934,Windows 7 Professional,09/03/2015 15:25
LT-PLUMST-06913,Windows 7 Professional,09/03/2015 08:00
DT-PLUMST-06896,Windows 7 Professional,07/03/2015 12:34
DT-PLUMST-03922,Windows 7 Professional,16/03/2015 07:57
DT-PLUMST-30712,Windows 7 Professional,09/03/2015 08:01
DT-PLUMST-03927,Windows 7 Professional,16/03/2015 08:28
DT-PLUMST-30989,Windows 7 Professional,09/03/2015 08:50
DT-PLUMST-01968,Windows 7 Professional,12/03/2015 01:47
DT-PLUMST-01998,Windows 7 Professional,09/03/2015 07:01
DT-PLUMST-01946,Windows 7 Professional,09/03/2015 00:01
DT-PLUMST-01980,Windows 7 Professional,16/03/2015 00:01
DT-PLUMST-01956,Windows 7 Professional,16/03/2015 00:35
DT-PLUMST-01923,Windows 7 Professional,09/03/2015 08:01
DT-PLUMST-01940,Windows 7 Professional,09/03/2015 00:01
DT-PLUMST-01942,Windows 7 Professional,09/03/2015 00:18
DT-PLUMST-01953,Windows 7 Professional,12/03/2015 08:02
DT-PLUMST-01943,Windows 7 Professional,09/03/2015 07:01
DT-PLUMST-01964,Windows 7 Professional,09/03/2015 00:01
DT-PLUMST-01963,Windows 7 Professional,09/03/2015 00:01
DT-PLUMST-01974,Windows 7 Professional,09/03/2015 09:10
DT-PLUMST-01958,Windows 7 Professional,09/03/2015 07:35
DT-PLUMST-01852,Windows 7 Professional,15/03/2015 16:17
DT-PLUMST-01981,Windows 7 Professional,09/03/2015 01:43
DT-PLUMST-01840,Windows 7 Professional,09/03/2015 00:01
DT-PLUMST-03929,Windows 7 Professional,16/03/2015 09:03
DT-PLUMST-04032,Windows 7 Professional,05/03/2015 09:31
DT-PLUMST-30701,Windows 7 Professional,16/03/2015 08:35
DT-PLUMST-01835,Windows 7 Professional,09/03/2015 00:00
DT-PLUMST-09585,Windows 7 Professional,16/03/2015 08:01
DT-PLUMST-01979,Windows 7 Professional,12/03/2015 00:01
DT-PLUMST-01848,Windows 7 Enterprise,09/03/2015 00:01
DT-PLUMST-01836,Windows 7 Professional,16/02/2015 00:18
DT-PLUMST-01945,Windows 7 Professional,12/03/2015 00:01
DT-PLUMST-01976,Windows 7 Professional,10/03/2015 12:05
DT-PLUMST-01726,Windows 7 Professional,16/03/2015 00:01
DT-PLUMST-01922,Windows 7 Professional,12/03/2015 08:26
DT-PLUMST-01977,Windows 7 Professional,05/03/2015 07:01
DT-PLUMST-01972,Windows 7 Professional,09/03/2015 07:01
DT-PLUMST-01951,Windows 7 Enterprise,12/03/2015 07:35
DT-PLUMST-01927,Windows 7 Professional,09/03/2015 00:01
DT-PLUMST-01975,Windows 7 Professional,09/03/2015 07:01
DT-PLUMST-01949,Windows 7 Professional,11/03/2015 13:26
DT-PLUMST-03926,Windows 7 Professional,12/03/2015 10:59
DT-PLUMST-30993,Windows 7 Professional,05/03/2015 10:26
DT-PLUMST-03942,Windows 7 Professional,16/03/2015 07:27
DT-PLUMST-03962,Windows 7 Professional,16/03/2015 10:55
DT-PLUMST-04023,Windows 7 Professional,07/03/2015 08:56
DT-PLUMST-04024,Windows 7 Professional,08/03/2015 09:00
DT-PLUMST-30691,Windows 7 Professional,12/03/2015 08:01
DT-PLUMST-30706,Windows 7 Professional,09/03/2015 08:03
DT-PLUMST-30707,Windows 7 Professional,09/03/2015 08:01
DT-PLUMST-30713,Windows 7 Professional,09/03/2015 08:01
DT-PLUMST-01849,Windows 7 Professional,16/03/2015 07:02
DT-PLUMST-01936,Windows 7 Professional,16/03/2015 08:48
DT-PLUMST-04025,Windows 7 Professional,16/03/2015 07:56
DT-PLUMST-03923,Windows 7 Professional,16/03/2015 08:36
DT-PLUMST-01843,Windows 7 Professional,15/03/2015 19:18
DT-PLUMST-03972,Windows 7 Professional,16/03/2015 07:52
DT-PLUMST-30711,Windows 7 Professional,16/03/2015 08:01
DT-PLUMST-03984,Windows 7 Professional,16/03/2015 08:06
DT-PLUMST-03933,Windows 7 Professional,16/03/2015 08:17
DT-PLUMST-01820,Windows 7 Professional,09/03/2015 00:01
DT-PLUMST-01829,Windows 7 Professional,09/03/2015 09:34
DT-PLUMST-01841,Windows 7 Professional,16/03/2015 00:08
DT-PLUMST-01961,Windows 7 Professional,16/03/2015 08:01
DT-PLUMST-01989,Windows 7 Professional,12/03/2015 07:18
DT-PLUMST-01937,Windows 7 Professional,09/03/2015 07:01
DT-PLUMST-30801,Windows 7 Professional,12/03/2015 08:01
DT-PLUMST-01844,Windows 7 Professional,09/03/2015 01:09
DT-PLUMST-01924,Windows 7 Professional,16/03/2015 08:32
DT-PLUMST-01822,Windows 7 Professional,09/03/2015 00:00
DT-PLUMST-01821,Windows 7 Professional,12/03/2015 00:52
DT-PLUMST-30803,Windows 7 Professional,16/03/2015 08:01
DT-PLUMST-06729,Windows 7 Professional,09/03/2015 08:53
DT-PLUMST-03953,Windows 7 Professional,11/03/2015 11:16
DT-PLUMST-03994,Windows 7 Professional,16/03/2015 08:54
DT-PLUMST-03932,Windows 7 Professional,16/03/2015 08:02
DT-PLUMST-03955,Windows 7 Professional,16/03/2015 10:48
DT-PLUMST-03928,Windows 7 Professional,12/03/2015 11:31
DT-PLUMST-03943,Windows 7 Professional,16/03/2015 08:56
DT-PLUMST-03949,Windows 7 Professional,16/03/2015 08:58
DT-PLUMST-03931,Windows 7 Professional,16/03/2015 08:36
DT-PLUMST-03907,Windows 7 Professional,13/03/2015 10:07
DT-PLUMST-03945,Windows 7 Professional,16/03/2015 08:56
DT-PLUMST-03992,Windows 7 Professional,16/03/2015 09:31
DT-PLUMST-03961,Windows 7 Professional,12/03/2015 17:06
DT-PLUMST-03966,Windows 7 Professional,16/03/2015 08:54
DT-PLUMST-03963,Windows 7 Professional,16/03/2015 08:40
DT-PLUMST-03979,Windows 7 Professional,16/03/2015 08:35
DT-PLUMST-03959,Windows 7 Professional,13/03/2015 08:31
DT-PLUMST-03901,Windows 7 Professional,12/03/2015 13:37
DT-PLUMST-30978,Windows 7 Professional,16/03/2015 13:11
DT-PLUMST-03964,Windows 7 Professional,16/03/2015 10:56
DT-PLUMST-03937,Windows 7 Professional,12/03/2015 10:37
DT-PLUMST-03911,Windows 7 Professional,16/03/2015 08:55
DT-PLUMST-03999,Windows 7 Professional,12/03/2015 10:30
DT-PLUMST-03975,Windows 7 Professional,16/03/2015 08:32
LT-PLUMST-30786,Windows 7 Professional,16/03/2015 09:38
LT-PLUMST-30787,Windows 7 Professional,16/03/2015 10:17
LT-PLUMST-30788,Windows 7 Professional,16/03/2015 09:32
LT-PLUMST-30789,Windows 7 Professional,16/03/2015 09:38
LT-PLUMST-30790,Windows 7 Professional,16/03/2015 13:17
DT-PLUMST-03912,Windows 7 Professional,16/03/2015 09:49
DT-PLUMST-03916,Windows 7 Professional,16/03/2015 09:29
DT-PLUMST-03948,Windows 7 Professional,16/03/2015 08:56
DT-PLUMST-03729,Windows 7 Professional,16/03/2015 09:36
DT-PLUMST-03728,Windows 7 Professional,16/03/2015 09:36
DT-PLUMST-03727,Windows 7 Professional,16/03/2015 09:36
DT-PLUMST-03730,Windows 7 Professional,16/03/2015 09:37
DT-PLUMST-03723,Windows 7 Professional,16/03/2015 09:36
DT-PLUMST-03726,Windows 7 Professional,16/03/2015 09:36
DT-PLUMST-03724,Windows 7 Professional,16/03/2015 09:36
DT-PLUMST-03736,Windows 7 Professional,16/03/2015 09:36
DT-PLUMST-03737,Windows 7 Professional,12/03/2015 10:31
DT-PLUMST-03739,Windows 7 Professional,16/03/2015 09:36
DT-PLUMST-03725,Windows 7 Professional,09/03/2015 09:31
DT-PLUMST-03738,Windows 7 Professional,16/03/2015 09:36
DT-PLUMST-03740,Windows 7 Professional,16/03/2015 10:24
DT-PLUMST-03742,Windows 7 Professional,16/03/2015 09:36
DT-PLUMST-03741,Windows 7 Professional,16/03/2015 09:36
DT-PLUMST-03743,Windows 7 Professional,16/03/2015 09:36
DT-PLUMST-03744,Windows 7 Professional,16/03/2015 09:37
DT-PLUMST-03745,Windows 7 Professional,16/03/2015 09:37
DT-PLUMST-03746,Windows 7 Professional,16/03/2015 09:36
DT-PLUMST-03747,Windows 7 Professional,15/03/2015 15:39
DT-PLUMST-03732,Windows 7 Professional,16/03/2015 10:10
DT-PLUMST-03731,Windows 7 Professional,16/03/2015 09:36
DT-PLUMST-03733,Windows 7 Professional,16/03/2015 09:36
DT-PLUMST-03735,Windows 7 Professional,16/03/2015 11:19
DT-PLUMST-03734,Windows 7 Professional,16/03/2015 09:36
DT-PLUMST-03936,Windows 7 Professional,16/03/2015 08:55
DT-PLUMST-03965,Windows 7 Professional,16/03/2015 08:56
DT-PLUMST-03938,Windows 7 Professional,16/03/2015 08:55
DT-PLUMST-30977,Windows 7 Professional,13/03/2015 18:40
DT-PLUMST-03903,Windows 7 Professional,16/03/2015 08:55
DT-PLUMST-03980,Windows 7 Professional,16/03/2015 08:55
DT-PLUMST-03977,Windows 7 Professional,16/03/2015 08:57
DT-PLUMST-03898,Windows 7 Professional,16/03/2015 09:46
DT-PLUMST-03990,Windows 7 Professional,16/03/2015 08:56
DT-PLUMST-03947,Windows 7 Professional,16/03/2015 08:58
DT-PLUMST-03946,Windows 7 Professional,16/03/2015 08:55
DT-PLUMST-03944,Windows 7 Professional,16/03/2015 08:55
DT-PLUMST-03906,Windows 7 Professional,16/03/2015 08:02
DT-PLUMST-03908,Windows 7 Professional,16/03/2015 08:55
DT-PLUMST-03900,Windows 7 Professional,16/03/2015 08:55
DT-PLUMST-03958,Windows 7 Professional,16/03/2015 08:55
DT-PLUMST-03960,Windows 7 Professional,12/03/2015 10:19
DT-PLUMST-03983,Windows 7 Professional,16/03/2015 08:55
DT-PLUMST-03968,Windows 7 Professional,16/03/2015 08:56
DT-PLUMST-03996,Windows 7 Professional,16/03/2015 13:20
DT-PLUMST-03914,Windows 7 Professional,16/03/2015 08:55
DT-PLUMST-03997,Windows 7 Professional,09/03/2015 08:58
DT-PLUMST-03995,Windows 7 Professional,16/03/2015 09:13
DT-PLUMST-03991,Windows 7 Professional,09/03/2015 08:01
LT-PLUMST-30791,Windows 7 Professional,16/03/2015 08:55
LT-PLUMST-30793,Windows 7 Professional,09/03/2015 10:23
LT-PLUMST-30792,Windows 7 Professional,16/03/2015 08:55
LT-PLUMST-30794,Windows 7 Professional,16/03/2015 09:29
LT-PLUMST-30795,Windows 7 Professional,16/03/2015 08:56
DT-PLUMST-06895,Windows 7 Professional,09/03/2015 08:01
DT-PLUMST-03910,Windows 7 Professional,09/03/2015 08:01
DT-PLUMST-03950,Windows 7 Professional,16/03/2015 09:30
DT-PLUMST-03930,Windows 7 Professional,16/03/2015 08:26
DT-PLUMST-03976,Windows 7 Professional,16/03/2015 09:05
DT-PLUMST-03974,Windows 7 Professional,16/03/2015 09:04
DT-PLUMST-03988,Windows 7 Professional,16/03/2015 09:05
DT-PLUMST-03917,Windows 7 Professional,16/03/2015 09:08
DT-PLUMST-03913,Windows 7 Professional,16/03/2015 10:30
DT-PLUMST-03939,Windows 7 Professional,16/03/2015 09:05
DT-PLUMST-03954,Windows 7 Professional,16/03/2015 09:06
DT-PLUMST-03920,Windows 7 Professional,16/03/2015 08:19
DT-PLUMST-03951,Windows 7 Professional,16/03/2015 09:00
DT-PLUMST-03973,Windows 7 Professional,16/03/2015 08:44
DT-PLUMST-03897,Windows 7 Professional,09/03/2015 08:36
DT-PLUMST-03904,Windows 7 Professional,16/03/2015 09:06
DT-PLUMST-03921,Windows 7 Professional,16/03/2015 09:06
DT-PLUMST-03899,Windows 7 Professional,16/03/2015 09:05
DT-PLUMST-03902,Windows 7 Professional,16/03/2015 08:31
DT-PLUMST-03952,Windows 7 Professional,16/03/2015 08:38
DT-PLUMST-03967,Windows 7 Professional,16/03/2015 08:33
DT-PLUMST-03941,Windows 7 Professional,16/03/2015 10:14
DT-PLUMST-03925,Windows 7 Professional,16/03/2015 09:05
DT-PLUMST-03956,Windows 7 Professional,16/03/2015 09:23
DT-PLUMST-03978,Windows 7 Professional,16/03/2015 08:22
DT-PLUMST-03915,Windows 7 Professional,16/03/2015 10:00
LT-PLUMST-30796,Windows 7 Professional,09/03/2015 09:32
DT-PLUMST-30976,Windows 7 Professional,14/03/2015 11:04
LT-PLUMST-30797,Windows 7 Professional,16/03/2015 09:53
LT-PLUMST-30798,Windows 7 Professional,12/03/2015 14:12
LT-PLUMST-30800,Windows 7 Professional,16/03/2015 09:40
DT-PLUMST-03957,Windows 7 Professional,13/03/2015 10:16
DT-PLUMST-06707,Windows 7 Enterprise,12/03/2015 03:22
DT-PLUMST-30805,Windows 7 Professional,16/03/2015 08:01
DT-PLUMST-01912,Windows 7 Professional,09/03/2015 14:19
DT-PLUMST-01944,Windows 7 Professional,13/03/2015 14:14
DT-PLUMST-01948,Windows 7 Professional,12/03/2015 08:01
DT-PLUMST-02079,Windows 7 Professional,16/07/2014 10:49
DT-PLUMST-02096,Windows 7 Professional,16/07/2014 10:50
DT-PLUMST-02086,Windows 7 Professional,09/07/2014 09:22
DT-PLUMST-06894,Windows 7 Professional,09/03/2015 08:00
DT-PLUMST-30888,Windows 7 Professional,14/03/2015 17:49
DT-PLUMST-01930,Windows 7 Professional,11/03/2015 18:51
DT-PLUMST-04020,Windows 7 Professional,16/03/2015 09:12
DT-PLUMST-01929,Windows 7 Professional,09/03/2015 00:35
DT-PLUMST-30704,Windows 7 Professional,08/03/2015 12:39
DT-PLUMST-30705,Windows 7 Professional,12/03/2015 10:03
DT-PLUMST-30703,Windows 7 Professional,11/03/2015 16:01
DT-PLUMST-06914,Windows 7 Professional,09/03/2015 08:00
DT-PLUMST-30699,Windows 7 Professional,12/03/2015 10:00
DT-PLUMST-04019,Windows 7 Professional,24/02/2015 14:47
DT-PLUMST-04028,Windows 7 Professional,16/03/2015 07:54
DT-PLUMST-06915,Windows 7 Professional,09/03/2015 08:01
DT-PLUMST-30747,Windows 7 Professional,09/03/2015 09:26
DT-PLUMST-30738,Windows 7 Professional,09/03/2015 08:01
DT-PLUMST-30739,Windows 7 Professional,12/03/2015 16:01
DT-PLUMST-30740,Windows 7 Professional,16/03/2015 07:59
DT-PLUMST-30742,Windows 7 Professional,19/02/2015 08:01
DT-PLUMST-30746,Windows 7 Professional,16/03/2015 08:01
DT-PLUMST-30743,Windows 7 Professional,16/03/2015 08:01
DT-PLUMST-01952,Windows 7 Professional,12/03/2015 00:18
DT-PLUMST-30744,Windows 7 Professional,09/03/2015 09:09
DT-PLUMST-30752,Windows 7 Professional,13/11/2014 08:01
DT-PLUMST-30753,Windows 7 Professional,09/03/2015 08:18
DT-PLUMST-30754,Windows 7 Professional,09/03/2015 11:54
DT-PLUMST-01959,Windows 7 Professional,09/03/2015 08:43
DT-PLUMST-30696,Windows 7 Professional,12/03/2015 12:34
DT-PLUMST-30761,Windows 7 Professional,12/03/2015 08:01
DT-PLUMST-01971,Windows 7 Professional,12/03/2015 08:10
DT-PLUMST-01809,Windows 7 Enterprise,16/03/2015 08:10
DT-PLUMST-30745,Windows 7 Professional,09/03/2015 08:53
DT-PLUMST-01845,Windows 7 Professional,16/03/2015 00:01
LT-PLUMST-04027,Windows 7 Professional,16/03/2015 07:24
DT-PLUMST-06921,Windows 7 Professional,12/03/2015 08:35
DT-PLUMST-04030,Windows 7 Professional,16/03/2015 08:02
DT-PLUMST-04029,Windows 7 Professional,09/03/2015 07:44
DT-PLUMST-06897,Windows 7 Professional,12/03/2015 08:00
DT-PLUMST-01808,Windows 7 Professional,10/03/2015 17:46
DT-PLUMST-01855,Windows 7 Professional,09/03/2015 00:34
DT-PLUMST-01853,Windows 7 Professional,09/03/2015 07:35
DT-PLUMST-01932,Windows 7 Professional,09/03/2015 07:35
DT-PLUMST-01812,Windows 7 Professional,12/03/2015 10:19
DT-PLUMST-01833,Windows 7 Professional,09/03/2015 07:00
DT-PLUMST-06900,Windows 7 Professional,09/03/2015 08:00
DT-PLUMST-30741,Windows 7 Professional,12/03/2015 12:34
DT-PLUMST-30749,Windows 7 Professional,12/03/2015 08:01
DT-PLUMST-30748,Windows 7 Professional,09/03/2015 08:01
DT-PLUMST-30750,Windows 7 Professional,23/02/2015 08:01
DT-PLUMST-30751,Windows 7 Professional,13/03/2015 17:24
DT-PLUMST-30760,Windows 7 Professional,09/03/2015 08:01
DT-PLUMST-30756,Windows 7 Professional,09/03/2015 08:01
DT-PLUMST-30759,Windows 7 Professional,09/03/2015 08:01
DT-PLUMST-30758,Windows 7 Professional,12/03/2015 08:01
DT-PLUMST-01816,Windows 7 Professional,12/03/2015 05:08
DT-PLUMST-01987,Windows 7 Professional,16/03/2015 07:01
DT-PLUMST-03919,Windows 7 Professional,16/03/2015 08:18
DT-PLUMST-01996,Windows 7 Professional,10/03/2015 10:50
DT-PLUMST-06825,Windows 7 Professional,12/03/2015 08:59
DT-PLUMST-01850,Windows 7 Professional,09/03/2015 00:01
DT-PLUMST-01813,Windows 7 Enterprise,09/03/2015 00:01
DT-PLUMST-03918,Windows 7 Professional,14/03/2015 13:51
DT-PLUMST-01815,Windows 7 Professional,16/03/2015 01:09
DT-PLUMST-04041,Windows 7 Professional,23/02/2015 08:09
DT-PLUMST-01966,Windows 7 Professional,10/03/2015 00:01
DT-PLUMST-01832,Windows 7 Professional,07/03/2015 16:14
DT-PLUMST-01918,Windows 7 Professional,09/03/2015 08:26
DT-PLUMST-09580,Windows 7 Professional,11/03/2015 11:00
DT-PLUMST-09572,Windows 7 Professional,11/03/2015 10:52
DT-PLUMST-09567,Windows 7 Professional,04/03/2015 11:24
DT-PLUMST-01818,Windows 7 Professional,12/03/2015 02:17
DT-PLUMST-09569,Windows 7 Professional,09/03/2015 13:19
DT-PLUMST-09579,Windows 7 Professional,11/03/2015 10:52
DT-PLUMST-09584,Windows 7 Professional,15/03/2015 00:19
DT-PLUMST-09583,Windows 7 Professional,12/03/2015 11:38
DT-PLUMST-09568,Windows 7 Professional,04/03/2015 11:25
DT-PLUMST-09573,Windows 7 Professional,11/03/2015 11:36
DT-PLUMST-01978,Windows 7 Professional,09/03/2015 07:00
DT-PLUMST-01921,Windows 7 Professional,16/03/2015 14:17
DT-PLUMST-09566,Windows 7 Professional,05/03/2015 09:32
DT-PLUMST-09582,Windows 7 Professional,16/03/2015 08:56
DT-PLUMST-01919,Windows 7 Professional,16/03/2015 00:01
DT-PLUMST-09575,Windows 7 Professional,06/10/2014 13:23
DT-PLUMST-09577,Windows 7 Professional,06/03/2015 16:39
DT-PLUMST-01992,Windows 7 Professional,12/03/2015 07:02
DT-PLUMST-09570,Windows 7 Professional,05/03/2015 09:04
DT-PLUMST-09578,Windows 7 Professional,12/03/2015 13:39
DT-PLUMST-09581,Windows 7 Professional,10/03/2015 08:57
DT-PLUMST-09574,Windows 7 Professional,11/03/2015 10:54
DT-PLUMST-09571,Windows 7 Professional,11/03/2015 10:54
DT-PLUMST-09576,Windows 7 Professional,16/03/2015 13:54
MININT-J91UHJF,Windows 7 Professional,12/03/2015 10:34
DT-PLUMST-01925,Windows 7 Professional,07/03/2015 13:18
DT-PLUMST-01941,Windows 7 Professional,12/03/2015 01:38
DT-PLUMST-01960,Windows 7 Professional,15/03/2015 16:19
DT-PLUMST-01926,Windows 7 Professional,09/03/2015 00:01
DT-PLUMST-01917,Windows 7 Professional,16/03/2015 07:01
DT-PLUMST-01950,Windows 7 Professional,12/03/2015 07:18
DT-PLUMST-01962,Windows 7 Professional,16/03/2015 00:01
DT-PLUMST-01939,Windows 7 Professional,12/03/2015 07:01
DT-PLUMST-01969,Windows 7 Professional,09/03/2015 07:01
DT-PLUMST-06905,Windows 7 Professional,12/03/2015 08:18
DT-PLUMST-01957,Windows 7 Professional,09/03/2015 00:01
DT-PLUMST-30627,Windows 7 Professional,09/03/2015 09:26
DT-PLUMST-01967,Windows 7 Professional,16/03/2015 13:07
DT-PLUMST-30632,Windows 7 Professional,12/03/2015 09:21
DT-PLUMST-30633,Windows 7 Professional,09/03/2015 08:01
DT-PLUMST-30634,Windows 7 Professional,09/03/2015 08:01
DT-PLUMST-30635,Windows 7 Professional,09/03/2015 08:01
DT-PLUMST-30636,Windows 7 Professional,09/03/2015 08:01
DT-PLUMST-30647,Windows 7 Professional,10/03/2015 14:37
DT-PLUMST-30637,Windows 7 Professional,09/03/2015 08:01
DT-PLUMST-30648,Windows 7 Professional,13/03/2015 15:57
DT-PLUMST-30638,Windows 7 Professional,12/03/2015 08:46
DT-PLUMST-30640,Windows 7 Professional,09/03/2015 09:09
DT-PLUMST-30639,Windows 7 Professional,09/03/2015 08:52
DT-PLUMST-30755,Windows 7 Professional,09/03/2015 08:35
DT-PLUMST-30641,Windows 7 Professional,09/03/2015 08:01
DT-PLUMST-30757,Windows 7 Professional,12/03/2015 09:10
DT-PLUMST-30642,Windows 7 Professional,09/03/2015 08:52
DT-PLUMST-30643,Windows 7 Professional,09/03/2015 08:02
DT-PLUMST-30646,Windows 7 Professional,06/03/2015 18:50
DT-PLUMST-30697,Windows 7 Professional,16/03/2015 09:22
DT-PLUMST-01985,Windows 7 Professional,09/03/2015 00:01
DT-PLUMST-01982,Windows 7 Professional,12/03/2015 07:18
DT-PLUMST-01965,Windows 7 Professional,19/01/2015 07:01
DT-PLUMST-01915,Windows 7 Professional,12/03/2015 00:35
DT-PLUMST-01983,Windows 7 Professional,09/03/2015 00:01
DT-PLUMST-30702,Windows 7 Professional,12/03/2015 08:18
DT-PLUMST-01920,Windows 7 Professional,16/03/2015 00:02
DT-PLUMST-04042,Windows 7 Professional,05/03/2015 09:02
DT-PLUMST-03982,Windows 7 Professional,08/03/2015 15:13
DT-PLUMST-01973,Windows 7 Professional,17/11/2014 09:44
DT-PLUMST-01933,Windows 7 Professional,09/03/2015 00:01
DT-PLUMST-01934,Windows 7 Professional,14/03/2015 11:26
DT-PLUMST-01834,Windows 7 Professional,09/03/2015 00:01
DT-PLUMST-03909,Windows 7 Professional,09/03/2015 08:51
DT-PLUMST-01990,Windows 7 Professional,09/03/2015 07:01
DT-PLUMST-30709,Windows 7 Professional,12/03/2015 08:35
DT-PLUMST-30690,Windows 7 Professional,12/03/2015 08:01
DT-PLUMST-01947,Windows 7 Professional,16/03/2015 00:01
DT-PLUMST-02436,Windows 7 Professional,14/03/2015 16:50
DT-PLUMST-30700,Windows 7 Professional,12/03/2015 14:21
DT-PLUMST-30698,Windows 7 Professional,12/03/2015 08:52
DT-PLUMST-30708,Windows 7 Professional,12/03/2015 08:46
DT-PLUMST-30710,Windows 7 Professional,12/03/2015 08:35
DT-PLUMST-04017,Windows 7 Professional,09/03/2015 09:03
DT-PLUMST-01837,Windows 7 Professional,16/03/2015 07:01
DT-PLUMST-01970,Windows 7 Professional,09/03/2015 00:01
DT-PLUMST-01993,Windows 7 Professional,12/03/2015 07:18
DT-PLUMST-06730,Windows 7 Professional,09/03/2015 10:53
DT-PLUMST-01991,Windows 7 Professional,16/03/2015 00:20
DT-PLUMST-01811,Windows 7 Professional,16/03/2015 00:21
DT-PLUMST-06916,Windows 7 Professional,09/03/2015 08:52
DT-PLUMST-01810,Windows 7 Professional,16/03/2015 00:20
DT-PLUMST-01823,Windows 7 Professional,02/03/2015 07:01
DT-PLUMST-06899,Windows 7 Enterprise,12/03/2015 08:51
DT-PLUMST-01827,Windows 7 Professional,16/03/2015 00:00
DT-PLUMST-01988,Windows 7 Professional,09/03/2015 08:09
DT-PLUMST-01839,Windows 7 Professional,03/11/2014 08:35
DT-PLUMST-01984,Windows 7 Professional,12/03/2015 00:01
DT-PLUMST-01954,Windows 7 Professional,16/03/2015 00:18
DT-PLUMST-01817,Windows 7 Professional,09/03/2015 01:26
DT-PLUMST-01828,Windows 7 Professional,16/03/2015 00:02
DT-PLUMST-01830,Windows 7 Professional,16/03/2015 00:34
DT-PLUMST-01838,Windows 7 Professional,12/03/2015 07:01
DT-PLUMST-06873,Windows 7 Professional,16/03/2015 07:15
DT-PLUMST-01842,Windows 7 Professional,09/03/2015 00:01
DT-PLUMST-01847,Windows 7 Professional,12/03/2015 08:51
DT-PLUMST-01935,Windows 7 Professional,16/03/2015 00:01
DT-PLUMST-01824,Windows 7 Professional,09/03/2015 00:01
DT-PLUMST-30628,Windows 7 Professional,09/03/2015 08:01
DT-PLUMST-30629,Windows 7 Professional,16/03/2015 08:58
DT-PLUMST-30630,Windows 7 Professional,12/03/2015 08:35
DT-PLUMST-01931,Windows 7 Professional,09/03/2015 00:18
DT-PLUMST-30631,Windows 7 Professional,12/03/2015 08:35
DT-PLUMST-30649,Windows 7 Professional,12/02/2015 13:06
DT-PLUMST-30650,Windows 7 Professional,16/03/2015 08:02
DT-PLUMST-30645,Windows 7 Professional,16/03/2015 08:01
DT-PLUMST-30644,Windows 7 Professional,16/03/2015 10:52
DT-PLUMST-01928,Windows 7 Professional,09/03/2015 07:01
DT-PLUMST-01825,Windows 7 Professional,09/03/2015 07:01
DT-PLUMST-01986,Windows 7 Professional,16/03/2015 07:01
DT-PLUMST-03989,Windows 7 Professional,16/03/2015 09:54
DT-PLUMST-03998,Windows 7 Professional,16/03/2015 08:02
DT-PLUMST-04033,Windows 7 Professional,16/03/2015 08:34
DT-PLUMST-03993,Windows 7 Professional,16/03/2015 08:30
DT-PLUMST-03924,Windows 7 Professional,12/03/2015 10:40
DT-PLUMST-04000,Windows 7 Professional,16/03/2015 08:30
DT-PLUMST-03986,Windows 7 Professional,16/03/2015 08:20
DT-PLUMST-04021,Windows 7 Professional,16/03/2015 08:41
DT-PLUMST-04026,Windows 7 Professional,16/03/2015 07:50
DT-PLUMST-01913,Windows 7 Professional,09/03/2015 09:00
DT-PLUMST-30996,Windows 7 Professional,16/03/2015 08:16
DT-PLUMST-03940,Windows 7 Professional,16/03/2015 08:11
DT-PLUMST-06919,Windows 7 Professional,09/03/2015 08:22
LT-PLUMST-06912,Windows 7 Professional,09/03/2015 08:00
DT-PLUMST-03970,Windows 7 Professional,16/03/2015 08:10
DT-PLUMST-03969,Windows 7 Professional,16/03/2015 08:52
DT-PLUMST-04022,Windows 7 Professional,16/03/2015 12:51
DT-PLUMST-01997,Windows 7 Professional,09/03/2015 00:01
DT-PLUMST-01914,Windows 7 Professional,12/03/2015 08:01
DT-PLUMST-06902,Windows 7 Professional,16/03/2015 07:22
DT-PLUMST-01854,Windows 7 Professional,09/03/2015 01:43
DT-PLUMST-01938,Windows 7 Professional,09/03/2015 08:09
DT-PLUMST-06892,Windows 7 Professional,16/03/2015 08:00
DT-PLUMST-01995,Windows 7 Professional,16/03/2015 01:09
DT-PLUMST-30695,Windows 7 Professional,05/03/2015 08:00
DT-PLUMST-01814,Windows 7 Professional,16/03/2015 00:02
DT-PLUMST-01819,Windows 7 Professional,09/03/2015 00:01
